{
  "params": {
    "crack_response_threshold": 35,
    "min_area": 120,
    "min_aspect_ratio": 2.5,
    "max_extent": 0.8,
    "closing_kernel_size": 7,
    "closing_iterations": 1
  },
  "ground_truth_counts": {
    "crack": 2460,
    "exfoliation": 138
  },
  "prediction_counts": {
    "crack": 3083,
    "exfoliation": 110
  },
  "crack": {
    "iou_0.25": {
      "true_positive": 891,
      "false_positive": 2192,
      "false_negative": 1569,
      "precision": 0.28900421667207266,
      "recall": 0.3621951219512195,
      "f1": 0.3214865596247519,
      "evaluated_images": 619,
      "false_positives_per_image": 3.5411954765751212
    },
    "iou_0.50": {
      "true_positive": 702,
      "false_positive": 2381,
      "false_negative": 1758,
      "precision": 0.22770029192345118,
      "recall": 0.28536585365853656,
      "f1": 0.25329244091647124,
      "evaluated_images": 619,
      "false_positives_per_image": 3.8465266558966076
    }
  },
  "exfoliation": {
    "iou_0.25": {
      "true_positive": 51,
      "false_positive": 59,
      "false_negative": 87,
      "precision": 0.4636363636363636,
      "recall": 0.3695652173913043,
      "f1": 0.41129032258064513,
      "evaluated_images": 619,
      "false_positives_per_image": 0.09531502423263329
    },
    "iou_0.50": {
      "true_positive": 8,
      "false_positive": 102,
      "false_negative": 130,
      "precision": 0.07272727272727272,
      "recall": 0.057971014492753624,
      "f1": 0.06451612903225806,
      "evaluated_images": 619,
      "false_positives_per_image": 0.16478190630048464
    }
  }
}
